unique.cellid,CGP.cellid,CCLE.cellid,GSK.cellid,NCI60.cellid,GRAY.cellid,GNE.cellid,CTRP.cellid,CGP_EMTAB3610.cellid,CCLE_rnaseq.cellid,GDSC.SNP.cellid,Ben_Neel.cellid,LINCS_HMS.cellid,,SU2C.cellid,PGP.cellid,COSMIC.tissueid,Comment184A1,,,,,184A1,,,,,,184a1,,,,,breast,184B5,,,,,184B5,,,,,,184b5,,,,,breast,22RV1,22RV1,22Rv1,22RV1,,,,,22RV1,22Rv1,,,,,,,prostate,23132-87,23132-87,23132/87,,,,,,23132-87,23132_87,,,,,,,stomach,600MPE,,,,,600MPE,,,,,,600mpe,,,,,breast,639-V,639-V,639-V,639V,,,,,639-V,639-V,,,,,,,urinary_tract,647-V,647-V,647-V,647V,,,,,647-V,647-V,,,,,,,urinary_tract,769-P,769-P,769-P,769P,,,769-P,,769-P,769-P,,,,,,,kidney,786-0,786-0,786-O,786O,RE:786_0,,786-O,,786-o,786-O,,,786-O,,,,kidney,http://www.atcc.org/products/all/CRL-1932.aspxA204,A204,A-204,A204,,,,,A204,A-204,,,A-204,,,,soft_tissue,A253,A253,A-253,,,,,,A253,A-253,,,,,,,skin,"could also be considered upper_aerodigestive_tract, salivary_gland, head_neck"A3-KAW,A3-KAW,A3/KAW,,,,A3/KAW,,A3-KAW,A3_KAW,,,,,,,haematopoietic_and_lymphoid_tissue,A375,A375,A-375,A375,,,A-375,A375,A375,A-375,,,,,,,skin,A4-Fuk,A4-Fuk,A4/Fuk,,,,A4/Fuk,,A4-Fuk,A4_Fuk,,,,,,,haematopoietic_and_lymphoid_tissue,A427,A427,,A427,,,A-427,,A427,,,,,,,,lung,A431,A431,,A431,,,A-431,,A431,,,,A-431,,,,skin,A498,A498,A-498,A498,RE:A498,,A-498,,A498,A-498,,,,,,,haematopoietic_and_lymphoid_tissue,A549,A549,A549,A549,LC:A549,,A549,A549,A549,A549,,,,,,A549,lung,A673,A673,A-673,A673,,,A-673,,A673,A-673,,,,,,,bone,A704,A704,A-704,,,,,,A704,A-704,,,,,,,kidney,ACHN,ACHN,ACHN,ACHN,RE:ACHN,,ACHN,,ACHN,ACHN,,,,,,,kidney,AMO-1,,AMO-1,,,,AMO-1,AMO1,AMO-1,AMO-1,,,,,,,haematopoietic_and_lymphoid_tissue,AN3-CA,AN3-CA,AN3 CA,AN3CA,,,AN3 CA,,AN3-CA,AN3_CA,,,,,,,endometrium,ARH-77,ARH-77,,ARH77,,,,,ARH-77,,,,,,,,haematopoietic_and_lymphoid_tissue,AsPC-1,AsPC-1,AsPC-1,ASPC1,,,AsPC-1,,AsPC-1,AsPC-1,,,,,,,pancreas,AU565,AU565,AU565,,,AU565,,,AU565,AU565,,au565,,,,,breast,AU655,,,,,,,,,,,au655,,,,,breast,BC-1,BC-1,,BC1,,,,,BC-1,,,,,,,,haematopoietic_and_lymphoid_tissue,BC-2,,,BC2,,,,,,,,,BC-2,,,,hematopoietic_and_lymphatic_system,BC-3,BC-3,,BC3,,,,,,,,,,,,,haematopoietic_and_lymphoid_tissue,BCPAP,BCPAP,B-CPAP,,,,,,BCPAP,B-CPAP,,,,,,,thyroid,BDCM,,BDCM,BDCM,,,,,,BDCM,,,,,,,haematopoietic_and_lymphoid_tissue,ATCC:peripheral blood (acute myelogenous leukemia (AML))BE(2)-C,,,BE2C,,,,,,,,,BE(2)-C,,,,central_nervous_system,BEWO,,,BEWO,,,,,,,,,BeWo,,,,placenta,BFTC-905,BFTC-905,BFTC-905,BFTC905,,,BFTC-905,,BFTC-905,BFTC-905,,,,,,,urinary_tract,BHT-101,BHT-101,BHT-101,BHT101,,,,,BHT-101,BHT-101,,,,,,,thyroid,BICR 10,,,,,,BICR 10,,BICR10,,,,,,,,head & neck,BICR 16,,BICR 16,,,,,,,BICR_16,,,,,,,upper_aerodigestive_tract,BICR 18,,BICR 18,,,,,,,BICR_18,,,,,,,upper_aerodigestive_tract,BICR 22,,BICR 22,,,,BICR 22,,BICR22,BICR_22,,,,,,,upper_aerodigestive_tract,BICR 31,,BICR 31,,,,BICR 31,,BICR31,BICR_31,BICR31,,,,,,upper_aerodigestive_tract,BICR 56,,BICR 56,,,,,,,BICR_56,,,,,,,upper_aerodigestive_tract,BICR 6,,BICR 6,,,,,,,BICR_6,,,,,,,upper_aerodigestive_tract,BICR 78,,,,,,BICR 78,,BICR78,,BICR78,,,,,,head & neck,BL-70,BL-70,BL-70,,,,,BL70,,BL-70,,,,,,,haematopoietic_and_lymphoid_tissue,BPH-1,BPH-1,,BPH1,,,,,BPH-1,,,,,,,,prostate,BT-20,BT-20,BT-20,BT20,,BT20,BT-20,,BT-20,BT-20,,bt20,,,BT20,BT20,breast,BT-474,BT-474,BT-474,BT474,,BT474,BT-474,,BT-474,BT-474,,bt474,,,BT474,BT474,breast,BT-483,,BT-483,,,BT483,BT-483,,BT-483,BT-483,,bt483,,,BT483,,breast,BT-549,BT-549,BT-549,,BR:BT_549,BT549,BT-549,,BT-549,BT-549,,bt549,,,BT549,BT549,breast,BV-173,BV-173,BV-173,BV173,,,,,BV-173,BV-173,,,,,,,haematopoietic_and_lymphoid_tissue,BxPC-3,BxPC-3,BxPC-3,BXPC3,,,BxPC-3,,BxPC-3,BxPC-3,,,,,,,pancreas,C-33-A,C-33-A,,C33A,,,C-33 A,,C-33-A,,,,C-33 A,,,,cervix,C-4 I,,,C4I,,,,,C-4-I,,C-4-I,,C-4 I,,,,cervix,C-4-II,C-4-II,,C4II,,,,,,,,,C-4 II,,,,cervix,C2BBe1,C2BBe1,C2BBe1,,,,C2BBe1,C2BBE1,C2BBe1,C2BBe1,,,,,,,large_intestine,C32,C32,C32,C32TG,,,C32,,C32,C32,,,,,,,skin,Ca-Ski,Ca-Ski,,,,,Ca Ski,,Ca-Ski,,,,Ca Ski,,,,cervix,CAKI-1,CAKI-1,Caki-1,CAKI1,RE:CAKI_1,,Caki-1,,CAKI-1,Caki-1,,,,,,,kidney,Caki-2,,Caki-2,CAKI2,,,Caki-2,,,Caki-2,,,,,,,kidney,CAL-120,CAL-120,CAL-120,,,CAL120,CAL-120,,CAL-120,CAL-120,,cal120,,,,,breast,CAL-12T,CAL-12T,CAL-12T,,,,CAL-12T,CAL12T,CAL-12T,CAL-12T,,,,,,,lung,CAL-148,CAL-148,CAL-148,,,CAL148,CAL-148,,CAL-148,CAL-148,,cal148,,,,,breast,CAL-27,CAL-27,CAL 27,CAL27,,,CAL 27,,CAL-27,CAL_27,,,,,,,upper_aerodigestive_tract,CAL-51,CAL-51,CAL-51,,,CAL51,CAL51,,CAL-51,CAL-51,,cal51,,,,,breast,CAL-54,CAL-54,CAL-54,CAL54,,,CAL 54,,CAL-54,CAL-54,,,,,,,kidney,CAL-62,CAL-62,CAL-62,CAL62,,,,,CAL-62,CAL-62,,,,,,,thyroid,CAL-85-1,CAL-85-1,CAL-85-1,,,CAL851,CAL-85-1,,CAL-85-1,CAL-85-1,,cal851,,,,,breast,Calu-1,Calu-1,Calu-1,CALU1,,,Calu-1,,,Calu-1,,,,,,Calu1,lung,Calu-3,Calu-3,Calu-3,CALU3,,,Calu-3,CALU3,Calu-3,Calu-3,,,,,,,lung,Calu-6,Calu-6,Calu-6,CALU6,,,Calu-6,CALU6,Calu-6,Calu-6,,,,,,Calu6,lung,CAMA-1,CAMA-1,CAMA-1,,,CAMA1,CAMA-1,,CAMA-1,CAMA-1,,cama1,,,CAMA1,CAMA1,breast,Caov-3,Caov-3,Caov-3,CAOV3,,,Caov-3,CAOV3,,Caov-3,,,,,,,ovary,CAPAN-1,CAPAN-1,Capan-1,CAPAN1,,,Capan-1,,CAPAN-1,Capan-1,,,,,,,pancreas,Capan-2,Capan-2,Capan-2,CAPAN2,,,Capan-2,CAPAN2,Capan-2,Capan-2,,,,,,,pancreas,CCF-STTG1,CCF-STTG1,CCF-STTG1,CCFSTTG1,,,,,CCF-STTG1,CCF-STTG1,,,,,,,central_nervous_system,CCRF-CEM,CCRF-CEM,,CCRFCEM,LE:CCRF_CEM,,,,CCRF-CEM,,,,,,,,haematopoietic_and_lymphoid_tissue,CEMC1,,,CEMC1,,,,,,,,,CEM/C1,,,,hematopoietic_and_lymphatic_system,CFPAC-1,CFPAC-1,CFPAC-1,,,,CFPAC-1,CFPAC1,CFPAC-1,CFPAC-1,,,,,,,pancreas,CGTH-W-1,CGTH-W-1,CGTH-W-1,CGTHW1,,,,,CGTH-W-1,,,,,,,,thyroid,ChaGo-K-1,ChaGo-K-1,ChaGo-K-1,CHAGOK1,,,ChaGo-K-1,CHAGOK1,ChaGo-K-1,ChaGo-K-1,,,,,,,lung,CHL-1,CHL-1,CHL-1,CHL1,,,CHL-1,,CHL-1,,,,,,,,skin,CHP-212,CHP-212,CHP-212,CHP212,,,CHP-212,,CHP-212,CHP-212,,,,,,,autonomic_ganglia,CL-34,,CL-34,,,,CL-34,CL34,CL-34,CL-34,,,,,,,large_intestine,CL-40,,CL-40,,,,CL-40,CL40,CL-40,CL-40,,,,,,,large_intestine,CML-T1,CML-T1,CML-T1,CMLT1,,,,,CML-T1,CML-T1,,,,,,,haematopoietic_and_lymphoid_tissue,COLO 201,,COLO 201,COLO201,,,COLO 201,,,COLO_201,,,,,,,large_intestine,Edited; ATCC:colonCOLO 320DM,,,COLO320DM,,,COLO 320DM,,,,,,COLO 320DM,,,,large_intestine,COLO-205,COLO-205,COLO 205,COLO205,CO:COLO205,,COLO 205,COLO205,COLO-205,,,,,,,,large_intestine,COLO-320-HSR,COLO-320-HSR,COLO-320,COLO320HSR,,,,COLO320,COLO-320-HSR,COLO-320,,,,,,COLO320HSR,large_intestine,COLO-668,COLO-668,COLO 668,COLO668,,,,COLO668,COLO-668,COLO_668,,,,,,,lung,COLO-678,COLO-678,COLO-678,,,,COLO 678,COLO678,COLO-678,COLO-678,,,,,,,large_intestine,COLO-679,COLO-679,COLO-679,,,,COLO 679,,COLO-679,COLO-679,,,,,,,skin,COLO-680N,COLO-680N,COLO-680N,,,,COLO 680N,,COLO-680N,COLO-680N,,,,,,,oesophagus,COLO-684,COLO-684,COLO 684,,,,,,COLO-684,COLO_684,,,COLO 684,,,,endometrium,COLO-699,,COLO-699,,,,COLO 699,COLO699,,,,,,,,,lung,COLO-704,,COLO-704,COLO704,,,COLO-704,,,,,,,,,,ovary,COLO-741,COLO-741,COLO 741,,,,COLO 741,COLO741,COLO-741,COLO_741,,,,,,,large_intestine,COLO-792,COLO-792,COLO 792,,,,COLO 792,,COLO-792,COLO_792,,,,,,,skin,COLO-800,COLO-800,COLO-800,,,,COLO 800,,COLO-800,COLO-800,,,,,,,skin,COLO-824,COLO-824,,,,COLO824,,,COLO-824,,,,,,,,breast,COLO-829,COLO-829,COLO 829,COLO829,,,COLO 829,,COLO-829,COLO_829,,,,,,,skin,COLO-849,,COLO-849,,,,COLO 849,,,,,,,,,,skin,COR-L105,COR-L105,COR-L105,CORL105,,,,,COR-L105,COR-L105,,,COR-L 105,,,,lung,COR-L23,COR-L23,COR-L23,CORL23,,,,CORL23,,COR-L23,,,,,,,lung,COR-L279,COR-L279,COR-L279,CORL279,,,COR-L279,CORL279,COR-L279,COR-L279,,,,,,,lung,COR-L51,COR-L51,COR-L51,,,,,CORL51,COR-L23,,,,,,,,lung,COR-L88,COR-L88,COR-L88,CORL88,,,COR-L88,CORL88,COR-L88,COR-L88,,,,,,,lung,CRO-AP2,CRO-AP2,,CROAP2,,,,,CRO-AP2,,,,,,,,haematopoietic_and_lymphoid_tissue,CRO-AP5,CRO-AP5,,CROAP5,,,,,,,,,,,,,haematopoietic_and_lymphoid_tissue,CW-2,CW-2,CW-2,,,,CW-2,CW2,CW-2,CW-2,,,,,,,large_intestine,D-283MED,D-283MED,D283 Med,D283MED,,,,,D-283MED,D283_Med,,,D283 Med,,,,central_nervous_system,D341 Med,,D341 Med,D341MED,,,,,,D341_Med,,,,,,,central_nervous_system,ATCC:Brain/cerebellum Daudi,Daudi,Daudi,DAUDI,,,Daudi,,Daudi,Daudi,,,,,,,haematopoietic_and_lymphoid_tissue,DBTRG-05MG,DBTRG-05MG,DBTRG-05MG,DBTRG05MG,,,,,DBTRG-05MG,DBTRG-05MG,,,,,,,central_nervous_system,Detroit562,Detroit562,Detroit 562,DETROIT562,,,Detroit 562,,Detroit562,Detroit_562,,,,,,,upper_aerodigestive_tract,DG-75,DG-75,,DG75,,,,,DG-75,,,,,,,,haematopoietic_and_lymphoid_tissue,DK-MG,DK-MG,DK-MG,DKMG,,,,,DK-MG,DK-MG,,,,,,,central_nervous_system,DLD-1,,DLD-1,DLD1,,,DLD-1,DLD1,,,,,,,,,large_intestine,DMS 454,,DMS 454,,,,DMS 454,,,DMS_454,,,,,,,lung,DMS-114,DMS-114,DMS 114,DMS114,,,,,DMS-114,DMS_114,,,DMS 114,,,,lung,DMS-153,DMS-153,DMS 153,DMS153,,,,,,DMS_153,,,DMS 153,,,,lung,DMS-273,DMS-273,DMS 273,DMS273,,,DMS 273,DMS273,DMS-273,DMS_273,,,,,,,lung,DMS-53,DMS-53,DMS 53,DMS53,,,DMS 53,,DMS-53,DMS_53,,,,,,,lung,DMS-79,DMS-79,DMS 79,DMS79,,,DMS 79,,DMS-79,DMS_79,,,,,,,lung,DOHH-2,DOHH-2,DOHH-2,DOHH2,,,DOHH-2,,DOHH-2,DOHH-2,,,,,,,haematopoietic_and_lymphoid_tissue,DoTc2-4510,DoTc2-4510,,DOTC24510,,,,,DoTc2-4510,,,,DoTc2 4510,,,,cervix,DU-145,DU-145,DU 145,DU145,PR:DU_145,,DU 145,,DU-145,DU_145,,,,,,,prostate,DU-4475,DU-4475,DU4475,DU4475,,,DU4475,,DU-4475,DU4475,,du4475,,,,,breast,DV-90,DV-90,DV-90,,,,DV-90,DV90,,DV-90,,,DV-90,,,,lung,EB-3,EB-3,,EB3,,,EB-3,,EB-3,,,,,,,,haematopoietic_and_lymphoid_tissue,EBC-1,,EBC-1,,,,EBC-1,EBC1,EBC-1,EBC-1,,,,,,,lung,EFM-19,EFM-19,EFM-19,EFM19,,EFM19,EFM-19,,EFM-19,EFM-19,,efm19,,,,EFM19,breast,EFM-192A,,EFM-192A,,,EFM192A,EFM-192A,,EFM-192A,EFM-192A,,efm192a,,,,,breast,EFM-192B,,,,,EFM192B,EFM-192B,,,,,,,,,,breast,EFM-192C,,,,,EFM192C,EFM-192C,,,,,,,,,,breast,EFO-21,EFO-21,EFO-21,,,,,EFO21,EFO-21,EFO-21,,,,,,,ovary,EFO-27,EFO-27,EFO-27,,,,EFO-27,EFO27,EFO-27,EFO-27,,,EFO-27,,,,ovary,EKVX,EKVX,,EKVX,LC:EKVX,,EKVX,,EKVX,EKVX,,,,,,EKVX,lung,EM-2,EM-2,EM-2,EM2,,,,,EM-2,EM-2,,,,,,,haematopoietic_and_lymphoid_tissue,EoL-1-cell,EoL-1-cell,EOL-1,,,,,,EoL-1-cell,EOL-1,,,EoL-1-cell,,,,haematopoietic_and_lymphoid_tissue,EPLC-272H,EPLC-272H,EPLC-272H,,,,EPLC-272H,EPLC272H,EPLC-272H,EPLC-272H,,,,,,,lung,ES-2,,ES-2,ES2,,,ES-2,,ES-2,ES-2,,,,,,,ovary,EVSA-T,EVSA-T,EVSA-T,,,EVSAT,EVSA-T,,EVSA-T,,,evsat,,,,,breast,FADU,FADU,FaDu,FADU,,,FaDu,,FADU,FaDu,,,,,,,upper_aerodigestive_tract,"G-292, clone A141B1",,"G-292, clone A141B1",,,,,,G-292-Clone-A141B1,"G-292,_clone_A141B1",G-292_Clone_A141B1,,G-292 Clone A141B1,,,,bone,G-361,G-361,G-361,,,,G-361,G361,G-361,G-361,,,,,,,skin,G-401,G-401,G-401,G401,,,,G401,G-401,G-401,,,,,,,soft_tissue,G-402,G-402,G-402,G402,,,G-402,,G-402,G-402,,,,,,,soft_tissue,GA-10,,GA-10,GA10,,,GA-10,,GA-10,GA-10,,,,,,,haematopoietic_and_lymphoid_tissue,ATCC:B lymphocyte (Burkitt's lymphoma)GA-10 (Clone 20),GA-10-Clone-20,,,,,,,,,,,GA-10 (Clone 20),,,,haematopoietic_and_lymphoid_tissue,GDM-1,GDM-1,GDM-1,GDM1,,,,GDM1,GDM-1,GDM-1,,,,,,,haematopoietic_and_lymphoid_tissue,Gp2D,Gp2D,GP2d,,,,GP2d,GP2D,,GP2d,,,,,,,large_intestine,HBL-100,,,,,HBL100,HBL-100,,,,,hbl100,,,,,breast,HCC-1171,,HCC-1171,,,,HCC1171,,,HCC-1171,,,,,,,lung,HCC-1195,,HCC-1195,,,,,HCC1195,,HCC-1195,,,,,,,lung,HCC-1359,,HCC-1359,,,,HCC1359,HCC1359,,HCC-1359,,,,,,,lung,HCC-15,,HCC-15,,,,HCC-15,HCC15,HCC-15,HCC-15,,,HCC-15,,,,lung,HCC-1833,,HCC-1833,,,,,HCC1833,,HCC-1833,,,,,,,lung,HCC-2108,,HCC-2108,,,,,HCC2108,,HCC-2108,,,,,,,lung,HCC-2279,,HCC-2279,,,,HCC2279,,,HCC-2279,,,,,,,lung,HCC-33,,HCC-33,,,,HCC33,HCC33,,HCC-33,,,,,,,lung,HCC-366,,HCC-366,,,,HCC366,,HCC-366,HCC-366,,,,,,,lung,HCC-44,,HCC-44,,,,HCC44,HCC44,HCC-44,HCC-44,,,,,,,lung,HCC-78,,HCC-78,,,,HCC78,HCC78,HCC-78,HCC-78,,,,,,,lung,HCC1008,,,,,HCC1008,,,,,,hcc1008,,,,,breast,HCC1143,HCC1143,HCC1143,HCC1143,,HCC1143,HCC1143,,HCC1143,HCC1143,,hcc1143,,,,HCC1143,breast,HCC1187,HCC1187,HCC1187,,,HCC1187,HCC1187,,HCC1187,HCC1187,,hcc1187,,,,HCC1187,breast,HCC1395,HCC1395,HCC1395,HCC1395,,HCC1395,HCC1395,,HCC1395,HCC1395,,hcc1395,,,,HCC1395,breast,HCC1419,HCC1419,HCC1419,,,HCC1419,HCC1419,,HCC1419,HCC1419,,hcc1419,,,,HCC1419,breast,HCC1428,,HCC1428,,,HCC1428,HCC1428,,HCC1428,HCC1428,,hcc1428,,,,,breast,HCC1500,,HCC1500,,,,HCC1500,,HCC1500,HCC1500,HCC1500,hcc1500,,,,,breast,HCC1569,HCC1569,HCC1569,,,HCC1569,HCC1569,,HCC1569,HCC1569,HCC1569,hcc1569,,,,,breast,HCC1599,HCC1599,HCC1599,HCC1599,,HCC1599,HCC1599,,HCC1599,HCC1599,,hcc1599,,,,,breast,HCC1806,HCC1806,HCC1806,,,HCC1806,HCC1806,,HCC1806,HCC1806,,hcc1806,,,,HCC1806,breast,HCC1937,HCC1937,HCC1937,HCC1937,,HCC1937,HCC1937,,HCC1937,HCC1937,HCC1937,hcc1937,,,,,breast,HCC1954,HCC1954,HCC1954,HCC1954,,HCC1954,HCC1954,,HCC1954,HCC1954,,hcc1954,,,,,breast,HCC202,,HCC202,,,HCC202,HCC202,,HCC202,HCC202,HCC202,hcc202,,,,,breast,HCC2185,,,,,HCC2185,,,,,,hcc2185,,,,,breast,HCC2218,HCC2218,HCC2218,HCC2218,,HCC2218,HCC2218,,HCC2218,HCC2218,,hcc2218,,,,HCC2218,breast,HCC2688,,,,,,HCC2688,,,,,hcc2688,,,,,breast,HCC2998,HCC2998,,HCC2998,CO:HCC_2998,,,,HCC2998,,,,,,,HCC2998,large_intestine,HCC3153,,,,,HCC3153,,,,,,hcc3153,,,,,breast,HCC38,HCC38,HCC38,HCC38,,HCC38,HCC38,,HCC38,HCC38,,hcc38,,,,HCC38,breast,HCC70,HCC70,HCC70,HCC70,,HCC70,HCC70,,HCC70,HCC70,HCC70,hcc70,,,,HCC70,breast,HCC712,,,,,,,,,,,hcc712,,,,,breast,HCC812,,,,,,,,,,,hcc812,,,,,breast,HCC827,,HCC827,,,,HCC827,HCC827,HCC-827,HCC827,HCC-827,,HCC-827,,,,lung,HCT-116,HCT-116,HCT 116,HCT116,CO:HCT_116,,HCT 116,HCT116,HCT-116,HCT_116,,,,,,,large_intestine,HCT-15,HCT-15,HCT-15,HCT15,CO:HCT_15,,HCT-15,,HCT-15,HCT-15,,,,,,HCT15,large_intestine,HCT-8,,HCT-8,HCT8,,,HCT-8,HCT8,,,,,,,,,large_intestine,HD-MY-Z,HD-MY-Z,HD-MY-Z,HDMYZ,,,,,HD-MY-Z,HD-MY-Z,,,,,,,haematopoietic_and_lymphoid_tissue,HDQ-P1,,HDQ-P1,,,HDQP1,,,HDQ-P1,HDQ-P1,,hdqp1,,,,,breast,HEC-1,HEC-1,HEC-1-B,,,,,,HEC-1,HEC-1-B,,,,,,,endometrium,HEC-1-A,,HEC-1-A,HEC1A,,,HEC-1-A,,,HEC-1-A,,,,,,HEC1A,endometrium,HEC-108,,HEC-108,,,,,HEC108,,HEC-108,,,,,,,endometrium,HEC-151,,HEC-151,,,,,HEC151,,HEC-151,,,,,,,endometrium,HEC-251,,HEC-251,,,,,HEC251,,HEC-251,,,,,,,endometrium,HEC-265,,HEC-265,,,,,HEC265,,HEC-265,,,,,,,endometrium,HEC-59,,HEC-59,,,,,HEC59,,HEC-59,,,,,,,endometrium,HEC-6,,HEC-6,,,,,HEC6,,HEC-6,,,,,,,endometrium,HEK TE,,HEK TE,,,,,,,,,,,,,,kidney,HEL 92.1.7,,HEL 92.1.7,HEL9217,,,,,,HEL_92.1.7,,,,,,,endometrium,ATCC:uterus/endometrium (adenocarcinoma)HeLa,,,HELA,,,HeLa,,HeLa,,,,HeLa,,,,cervix,Hep 3B2.1-7,,Hep 3B2.1-7,HEP3B,,,,,Hep3B2-1-7,Hep_3B2.1-7,Hep_3B2_1-7,,,,,,liver,ATCC:Liver (hepatocellular carcinoma)Hep G2,,Hep G2,HEPG2,,,Hep G2,HEPG2,,Hep_G2,,,Hep G2,,,,liver,ATCC:Liver (hepatocellular carcinoma)HEY,,,,,,HEY,,Hey,,Hey,,,,,,ovary,Hey-A8,,Hey-A8,,,,,HEYA8,,Hey-A8,,,,,,,ovary,HL-60,HL-60,HL-60,HL60,LE:HL_60,,HL-60,,HL-60,HL-60,,,,,,,haematopoietic_and_lymphoid_tissue,HMV-II,HMV-II,,,,,,,HMV-II,,,,HMVII,,,,skin,HOP-62,HOP-62,,HOP62,LC:HOP_62,,HOP-62,,HOP-62,HOP-62,,,,,,,lung,HOP-92,HOP-92,,HOP92,LC:HOP_92,,HOP-92,,HOP-92,HOP-92,,,,,,,lung,HPAF-II,HPAF-II,HPAF-II,HPAFII,,,HPAF-II,,HPAF-II,HPAF-II,,,,,,,pancreas,Hs 172.T,,Hs 172.T,,,,,,,Hs_172.T,,,,,,,urinary_tract,Hs 229.T,,Hs 229.T,,,,,,,Hs_229.T,,,,,,,lung,Hs 255.T,,Hs 255.T,,,,Hs 255.T,,,Hs_255.T,,,,,,,large_intestine,Hs 281.T,,Hs 281.T,,,,,,,Hs_281.T,,,,,,,breast,Hs 294T,,Hs 294T,,,,Hs 294T,,,Hs_294T,,,,,,,skin,Hs 343.T,,Hs 343.T,,,,,,,Hs_343.T,,,,,,,breast,Hs 600.T,,Hs 600.T,,,,,,,Hs_600.T,,,,,,,skin,Hs 606.T,,Hs 606.T,,,,,,,Hs_606.T,,,,,,,breast,Hs 611.T,,Hs 611.T,,,,,,,Hs_611.T,,,,,,,haematopoietic_and_lymphoid_tissue,Hs 616.T,,Hs 616.T,,,,,,,Hs_616.T,,,,,,,haematopoietic_and_lymphoid_tissue,Hs 618.T,,Hs 618.T,,,,,,,Hs_618.T,,,,,,,lung,Hs 675.T,,Hs 675.T,,,,Hs 675.T,,,Hs_675.T,,,,,,,large_intestine,Hs 683,,Hs 683,,,,Hs 683,,Hs-683,Hs_683,,,,,,,central_nervous_system,Hs 688(A).T,,Hs 688(A).T,,,,,,,Hs_688_A_.T,,,,,,,skin,Hs 695T,,Hs 695T,,,,Hs 695T,,,Hs_695T,,,,,,,skin,Hs 698.T,,Hs 698.T,,,,,,,Hs_698.T,,,,,,,large_intestine,Hs 706.T,,Hs 706.T,,,,,,,Hs_706.T,,,,,,,bone,Hs 729,,Hs 729,,,,,,,Hs_729,,,,,,,soft_tissue,Hs 737.T,,Hs 737.T,,,,,,,Hs_737.T,,,,,,,bone,Hs 739.T,,Hs 739.T,,,,,,,Hs_739.T,,,,,,,breast,Hs 742.T,,Hs 742.T,,,,,,,Hs_742.T,,,,,,,breast,Hs 746T,,Hs 746T,HS746T,,,Hs 746T,,Hs746T,Hs_746T,Hs746T,,,,,HS746T,stomach,Hs 766T,,Hs 766T,,,,Hs 766T,,Hs-766T,Hs_766T,Hs766T,,,,,,pancreas,Hs 819.T,,Hs 819.T,,,,,,,Hs_819.T,,,,,,,bone,Hs 821.T,,Hs 821.T,,,,,,,Hs_821.T,,,,,,,bone,Hs 822.T,,Hs 822.T,,,,,,,Hs_822.T,,,,,,,bone,Hs 834.T,,Hs 834.T,,,,,,,Hs_834.T,,,,,,,skin,Hs 839.T,,Hs 839.T,,,,Hs 839.T,,,Hs_839.T,,,,,,,skin,Hs 840.T,,Hs 840.T,,,,,,,Hs_840.T,,,,,,,upper_aerodigestive_tract,Hs 852.T,,Hs 852.T,,,,Hs 852.T,HS852T,,Hs_852.T,,,,,,,skin,Hs 863.T,,Hs 863.T,,,,,,,Hs_863.T,,,,,,,bone,Hs 870.T,,Hs 870.T,,,,,,,Hs_870.T,,,,,,,bone,Hs 888.T,,Hs 888.T,,,,,,,Hs_888.T,,,,,,,bone,Hs 895.T,,Hs 895.T,,,,Hs 895.T,,,Hs_895.T,,,,,,,skin,Hs 934.T,,Hs 934.T,,,,,,,Hs_934.T,,,,,,,skin,Hs 936.T,,Hs 936.T,,,,Hs 936.T,HS936T,,Hs_936.T,,,,,,,skin,Hs 939.T,,Hs 939.T,,,,,,,Hs_939.T,Hs939-T,,,,,,skin,Hs 940.T,,Hs 940.T,,,,Hs 940.T,,Hs-940-T,Hs_940.T,Hs940-T,,,,,,skin,Hs 944.T,,Hs 944.T,,,,,HS944T,Hs-944-T,Hs_944.T,,,,,,,skin,Hs-578-T,Hs-578-T,Hs 578T,,BR:HS578T,HS578T,Hs 578T,,Hs-578-T,Hs_578T,,hs578t,Hs 578T,,HS578T,,breast,HS-Sultan,,,HSSULTAN,,,HS-Sultan,,,,,,,,,,hematopoietic_and_lymphatic_system,HSC-2,HSC-2,HSC-2,,,,,HSC2,HSC-2,HSC-2,,,,,,,upper_aerodigestive_tract,HT-1080,HT-1080,HT-1080,HT1080,,,HT-1080,HT1080,HT-1080,HT-1080,,,HT 1080,,,,soft_tissue,HT-115,,HT115,,,,HT-115,HT115,HT-115,HT115,,,,,,,large_intestine,HT-1197,HT-1197,HT-1197,HT1197,,,,,HT-1197,HT-1197,,,,,,,urinary_tract,HT-1376,HT-1376,HT-1376,HT1376,,,,HT1376,HT-1376,HT-1376,,,HT 1376,,,,urinary_tract,HT-29,HT-29,HT-29,HT29,CO:HT29,,HT-29,HT29,HT-29,HT-29,,,,,,,large_intestine,HT-3,HT-3,,HT3,,,,,HT-3,,,,,,,,cervix,HT55,HT55,HT55,,,,HT-55,HT55,HT55,HT55,,,,,,,large_intestine,HuH-28,HuH-28,HuH28,,,,,,,,,,,,,,biliary_tract,HUH-6-clone5,HUH-6-clone5,HuH-6,,,,,,,HuH-6,,,,,,,liver,HuH-7,HuH-7,HuH-7,,,,HuH-7,,HuH-7,HuH-7,,,Huh7,,,,liver,HuNS1,HuNS1,HuNS1,HUNS1,,,,,,HuNS1,,,,,,,haematopoietic_and_lymphoid_tissue,HuP-T3,HuP-T3,HUP-T3,,,,HUP-T3,,HuP-T3,HUP-T3,,,,,,,pancreas,HuP-T4,HuP-T4,HUP-T4,HUPT4,,,HUP-T4,HUPT4,HuP-T4,HUP-T4,,,,,,,pancreas,HuT 102,,HuT 102,,,,,,,HuT_102,,,,,,,haematopoietic_and_lymphoid_tissue,HuT 78,,HuT 78,HUT78,,,,,,HuT_78,,,,,,,haematopoietic_and_lymphoid_tissue,ATCC:cutaneous T lymphocyte (Sezary Syndrome)HUTU-80,HUTU-80,HuTu 80,,,,,,HUTU-80,HuTu_80,,,,,,,small_intestine,IGROV-1,IGROV-1,IGROV1,IGROV1,OV:IGROV1,,IGROV-1,IGROV1,IGROV-1,IGROV1,,,,,,,ovary,IM-95,,IM95,,,,IM-95,,IM-95,IM95,,,IM-95,,,,stomach,Ishikawa (Heraklio) 02 ER-,,Ishikawa (Heraklio) 02 ER-,,,,,ISHIKAWAHERAKLIO02ER,Ishikawa_Heraklio_02ER-,Ishikawa__Heraklio__02_ER-,Ishikawa_Heraklio_02ER-,,,,,,endometrium,J-RT3-T3-5,J-RT3-T3-5,,JRT3T35,,,,,J-RT3-T3-5,,,,,,,,haematopoietic_and_lymphoid_tissue,JEG-3,JEG-3,,JEG3,,,,,JEG-3,,,,,,,,placenta,JeKo-1,,JeKo-1,,,,JEKO-1,,JEKO-1,JeKo-1,JEKO-1,,,,,,haematopoietic_and_lymphoid_tissue,JHH-6,,JHH-6,,,,,JHH6,JHH-6,JHH-6,,,,,,,liver,JHOC-5,,JHOC-5,,,,,JHOC5,,JHOC-5,,,,,,,ovary,JHOM-1,,JHOM-1,,,,,JHOM1,,JHOM-1,,,,,,,ovary,JHOS-4,,JHOS-4,,,,,JHOS4,JHOS-4,JHOS-4,,,,,,,ovary,JHUEM-2,,JHUEM-2,,,,,JHUEM2,,JHUEM-2,,,,,,,endometrium,JIMT-1,,JIMT-1,,,JIMT1,JIMT-1,,JIMT-1,JIMT-1,,jimt1,,,,,breast,JiyoyeP-2003,JiyoyeP-2003,,JIYOYE,,,,,JiyoyeP-2003,,,,Jiyoye,,,,haematopoietic_and_lymphoid_tissue,JM1,,JM1,JM1,,,,,JM1,JM1,,,,,,,haematopoietic_and_lymphoid_tissue,ATCC: pre-B lymphoblast (B cell lymphoma)"Jurkat, Clone E6-1",,JURKAT,,,,"Jurkat, Clone E6-1",,,JURKAT,Jurkat,,"Jurkat, Clone E6-1",,,,haematopoietic_and_lymphoid_tissue,JVM-3,JVM-3,JVM-3,JVM3,,,,,JVM-3,JVM-3,,,,,,,haematopoietic_and_lymphoid_tissue,K-562,K-562,K-562,K562,LE:K_562,,K-562,,K-562,K-562,,,,,,,haematopoietic_and_lymphoid_tissue,K052,K052,KO52,,,,,,K052,,KO52,,,,,,haematopoietic_and_lymphoid_tissue,KASUMI-1,KASUMI-1,KASUMI-1,,,,Kasumi-1,,KASUMI-1,KASUMI-1,,,,,,,haematopoietic_and_lymphoid_tissue,KASUMI-2,,KASUMI-2,KASUMI2,,,,,,KASUMI-2,,,,,,,haematopoietic_and_lymphoid_tissue,KATOIII,KATOIII,KATO III,KATOIII,,,KATO III,,KATOIII,KATO_III,,,,,,,stomach,KE-97,,KE-97,,,,,KE97,,KE-97,,,,,,,haematopoietic_and_lymphoid_tissue,KG-1,KG-1,KG-1,KG1,,,KG-1,,KG-1,KG-1,,,,,,,haematopoietic_and_lymphoid_tissue,KHOS-240S,,,KHOS240S,,,,,,,,,KHOS-240S,,,,bone,KM12,KM12,KM12,KM12,CO:KM12,,KM-12,KM12,KM12,KM12,,,,,,,large_intestine,KMBC-2,,KMBC-2,,,,,KMBC2,,KMBC-2,,,,,,,urinary_tract,KMS-11,,KMS-11,,,,KMS-11,KMS11,KMS-11,KMS-11,,,,,,,haematopoietic_and_lymphoid_tissue,KNS-62,KNS-62,KNS-62,,,,KNS-62,KNS62,KNS-62,KNS-62,,,,,,,lung,KNS-81-FD,KNS-81-FD,KNS-81,,,,,,KNS-81-FD,KNS-81,,,,,,,central_nervous_system,KP-3,,KP-3,,,,KP-3,KP3,KP-3,KP-3,,,,,,,pancreas,KP-4,KP-4,KP4,,,,KP4,,KP-4,KP4,,,,,,,pancreas,KP-N-S19s,KP-N-S19s,KP-N-SI9s,,,,,,,KP-N-SI9s,,,,,,,autonomic_ganglia,KPL-1,,KPL-1,KPL1,,,KPL-1,,,KPL-1,,kpl1,,,,,breast,EditedKYSE-140,KYSE-140,KYSE-140,,,,KYSE-140,KYSE140,KYSE-140,KYSE-140,,,,,,,oesophagus,KYSE-30,,KYSE-30,KYSE30,,,KYSE-30,,,KYSE-30,,,,,,,oesophagus,KYSE-410,KYSE-410,KYSE-410,,,,,KYSE410,KYSE-410,KYSE-410,,,,,,,oesophagus,KYSE-450,KYSE-450,KYSE-450,,,,KYSE-450,KYSE450,KYSE-450,KYSE-450,,,,,,,oesophagus,L-428,L-428,L-428,L428,,,,,L-428,L-428,,,,,,,haematopoietic_and_lymphoid_tissue,LC-1/sq-SF,,LC-1/sq-SF,,,,,LC1SQSF,,,,,LC-1 sq,,,,lung,LCLC-103H,LCLC-103H,LCLC-103H,,,,LCLC-103H,LCLC103H,LCLC-103H,LCLC-103H,,,,,,,lung,LCLC-97TM1,LCLC-97TM1,LCLC-97TM1,,,,LCLC-97TM1,LCLC97TM1,LCLC-97TM1,LCLC-97TM1,,,,,,,lung,LN-229,,LN-229,,,,LN-229,LN229,LN-229,LN-229,,,,,,,central_nervous_system,LNCaP-Clone-FGC,LNCaP-Clone-FGC,LNCaP clone FGC,LNCAP,,,,,LNCaP-Clone-FGC,LNCaP_clone_FGC,,,LNCaP,,,,prostate,LOUCY,LOUCY,Loucy,,,,,,LOUCY,Loucy,,,Loucy,,,,haematopoietic_and_lymphoid_tissue,LoVo,LoVo,LoVo,,,,LoVo,LOVO,LoVo,LoVo,,,,,,,large_intestine,LOXIMVI,LOXIMVI,LOX IMVI,LOXIMVI,ME:LOXIMVI,,LOX-IMVI,,LOXIMVI,LOX_IMVI,,,,,,,haematopoietic_and_lymphoid_tissue,LP-1,LP-1,LP-1,,,,LP-1,LP1,LP-1,LP-1,,,,,,,haematopoietic_and_lymphoid_tissue,LS 180,,LS 180,,,,LS 180,LS180,LS-180,LS_180,LS-180,,,,,,large_intestine,LS-1034,LS-1034,LS1034,LS1034,,,LS1034,,LS-1034,LS1034,,,,,,,large_intestine,LS-123,LS-123,LS123,,,,,LS123,LS-123,LS123,,,,,,,large_intestine,LS-174T,LS-174T,,LS174T,,,LS 174T,,,,,,LS174T,,,,large_intestine,LS-411N,LS-411N,LS411N,,,,,LS411N,LS-411N,LS411N,,,,,,,large_intestine,LS-513,LS-513,LS513,,,,,LS513,LS-513,LS513,,,,,,,large_intestine,LU-135,LU-135,,,,,,,LU-135,,,,Lu-135,,,,lung,LU-65,LU-65,LU65,,,,,LU65,LU-65,LU65,,,,,,,lung,LU-99A,LU-99A,LU99,,,,,LU99,LU-99A,LU99,,,LU99A,,,,lung,LXF-289,LXF-289,LXF-289,,,,LXF-289,LXF289,LXF-289,LXF-289,,,,,,,lung,LY2,,,,,LY2,,,,,,ly2,,,,,breast,M14,M14,,M14,ME:M14,,,,M14,,,,,,,M14,skin,Malme-3M,Malme-3M,Malme-3M,MALME3M,ME:MALME_3M,,,,,Malme-3M,,,,,,,skin,MA-CLS-2,,,,,,,,,,,macls2,,,,,breast,MB 157,,MB 157,,,MB157,,,,,,mb157,,,,,breast,MC-CAR,MC-CAR,,MCCAR,,,,,MC-CAR,,,,MC/CAR,,,,haematopoietic_and_lymphoid_tissue,MC-IXC,MC-IXC,,MCIXC,,,,,,,,,,,,,autonomic_ganglia,MCF10A,,,MCF10A,,MCF10A,MCF 10A,,,,,mcf10a,MCF 10A,,MCF10A,,breast,MCF10F,,,,,MCF10F,,,,,,,MCF 10F,,MCF10F,,breast,MCF12A,,,,,MCF12A,,,,,,mcf12a,,,,,breast,MCF7,MCF7,MCF7,MCF7,BR:MCF7,MCF7,MCF-7,MCF7,MCF7,MCF7,,mcf7,,,MCF7,,breast,MDA PCa 2b,,MDA PCa 2b,,,,,,,MDA_PCa_2b,,,,,,,prostate,MDA-MB-134-VI,MDA-MB-134-VI,MDA-MB-134-VI,,,MDAMB134VI,MDA-MB-134-VI,,MDA-MB-134-VI,MDA-MB-134-VI,,mdamb134vi,,,MDAMB134VI,,breast,MDA-MB-157,MDA-MB-157,MDA-MB-157,,,MDAMB157,MDA-MB-157,,MDA-MB-157,MDA-MB-157,,mdamb157,,,MDAMB157,MDAMB157,breast,MDA-MB-175-VII,MDA-MB-175-VII,MDA-MB-175-VII,MDAMB175VII,,MDAMB175VII,MDA-MB-175-VII,,,MDA-MB-175-VII,,mdamb175vii,,,MDAMB175VII,MDAMB175,breast,MDA-MB-231,MDA-MB-231,MDA-MB-231,MDAMB231,BR:MDA_MB_231,MDAMB231,MDA-MB-231,,MDA-MB-231,MDA-MB-231,,mdamb231,,,MDAMB231,MDAMB231,breast,MDA-MB-330,,,,,,MDA-MB-330,,MDA-MB-330,,,mdamb330,,,,,breast,MDA-MB-361,MDA-MB-361,MDA-MB-361,,,MDAMB361,MDA-MB-361,,MDA-MB-361,MDA-MB-361,,mdamb361,,,MDAMB361,,breast,MDA-MB-415,MDA-MB-415,MDA-MB-415,,,MDAMB415,MDA-MB-415,,MDA-MB-415,MDA-MB-415,,mdamb415,,,MDAMB415,MDAMB415,breast,MDA-MB-435,MDA-MB-435,MDA-MB-435S,MDAMB435,ME:MDA_MB_435,,MDA-MB-435,,,MDA-MB-435S,,,MDA-MB-435S,,,MDA435,skin,Currently people are debating whether or not this cell line is breast or skin. However the common view is that it is skin. Furthermore 435S is considered as a subline of the 435 MDA-MB-436,,MDA-MB-436,,,MDAMB436,MDA-MB-436,,MDA-MB-436,MDA-MB-436,,mdamb436,,,MDAMB436,MDAMB436,breast,MDA-MB-453,MDA-MB-453,MDA-MB-453,MDAMB453,,MDAMB453,MDA-MB-453,,MDA-MB-453,MDA-MB-453,,mdamb453,,,MDAMB453,MDAMB453,breast,MDA-MB-468,MDA-MB-468,MDA-MB-468,MDAMB468,,MDAMB468,MDA-MB-468,,MDA-MB-468,MDA-MB-468,,mdamb468,,,MDAMB468,,breast,MEC-1,,MEC-1,MEC1,,,,,MEC-1,MEC-1,,,,,,,haematopoietic_and_lymphoid_tissue,Literature:http://www.ncbi.nlm.nih.gov/pubmed/10071128 MEG-01,MEG-01,MEG-01,MEG01,,,,,MEG-01,MEG-01,,,,,,,haematopoietic_and_lymphoid_tissue,MES-SA,MES-SA,MES-SA,MESSA,,,,,MES-SA,MES-SA,,,,,,,endometrium,Mewo,Mewo,MeWo,,,,MeWo,,Mewo,MeWo,,,,,,,skin,MFE-319,,MFE-319,,,,,MFE319,MFE-319,MFE-319,,,,,,,endometrium,MFM-223,MFM-223,,,,MFM223,MFM-223,,MFM-223,,,mfm223,,,,,breast,MG-63,MG-63,MG-63,MG63,,,MG-63,,MG-63,MG-63,,,,,,,bone,MHH-PREB-1,MHH-PREB-1,,MHHPREB1,,,MHH-PREB-1,,MHH-PREB-1,,,,,,,,haematopoietic_and_lymphoid_tissue,MIA-PaCa-2,MIA-PaCa-2,MIA PaCa-2,MIAPACA2,,,MIA Paca-2,,MIA-PaCa-2,MIA_PaCa-2,,,,,,,pancreas,MKN1,MKN1,MKN1,,,,MKN-1,,MKN1,MKN1,,,,,,,stomach,MKN45,MKN45,MKN-45,,,,MKN-45,,MKN45,MKN-45,,,,,,,stomach,MKN7,MKN7,MKN7,,,,MKN-7,MKN7,MKN7,MKN7,,,,,,,stomach,MKN74,,MKN74,,,,MKN-74,MKN74,,MKN74,,,,,,,stomach,ML-2,ML-2,,ML2,,,ML-2,,ML-2,,,,,,,,haematopoietic_and_lymphoid_tissue,MM1-S,,MM1-S,,,,MM.1S,,MM1S,MM1-S,MM1S,,,,,,haematopoietic_and_lymphoid_tissue,MOLM-16,,MOLM-16,,,,MOLM-16,MOLM16,MOLM-16,MOLM-16,,,,,,,haematopoietic_and_lymphoid_tissue,MOLT-16,MOLT-16,MOLT-16,MOLT16,,,,,MOLT-16,MOLT-16,,,,,,,haematopoietic_and_lymphoid_tissue,MOLT-4,MOLT-4,MOLT-4,MOLT4,LE:MOLT_4,,,,MOLT-4,,,,,,,,haematopoietic_and_lymphoid_tissue,MOR/CPR,,MOR/CPR,,,,,,,MOR_CPR,,,,,,,lung,MPP-89,MPP-89,MPP 89,,,,,,MPP-89,MPP_89,,,,,,,pleura,MSTO-211H,MSTO-211H,MSTO-211H,,,,,MSTO211H,MSTO-211H,MSTO-211H,,,,,,,pleura,MT3,,,MT3,,MT3,MT-3,,,,,,MT-3,,,,breast,MV-4-11,MV-4-11,MV-4-11,MV411,,,MV-4-11,,MV-4-11,MV-4-11,,,,,,,haematopoietic_and_lymphoid_tissue,MX-1,,,MX1,,MX1,MX-1,,,,,mx1,,,,,breast,NALM-1,NALM-1,NALM-1,NALM1,,,,,,NALM-1,,,,,,,haematopoietic_and_lymphoid_tissue,NALM-6,NALM-6,NALM-6,NALM6,,,NALM-6,,NALM-6,NALM-6,,,,,,,haematopoietic_and_lymphoid_tissue,NB-TU-1-10,,,,,,,,NB-TU-1-10,,NB_TU_1-10,,,,,,Kidney,NB1,NB1,NB-1,,,,,,NB1,NB-1,,,NB-1,,,,autonomic_ganglia,NB4,NB4,NB-4,,,,,,NB4,NB-4,NB-4,,,,,,haematopoietic_and_lymphoid_tissue,NC37,,,NC37,,,,,,,,,NC-37,,,,hematopoietic_and_lymphatic_system,NCC-IT-A3,NCCIT,,,,,,,,,,,NCC-IT-A3,,,,testis,NCI-ADR-RES,NCI-ADR-RES,,NCIADRRES,OV:NCI_ADR_RES,,,,,,,,,,,NCIADRRES,ovary,NCI-H1048,NCI-H1048,NCI-H1048,NCIH1048,,,NCI-H1048,NCIH1048,NCI-H1048,NCI-H1048,,,,,,,lung,NCI-H1092,NCI-H1092,NCI-H1092,NCIH1092,,,NCI-H1092,,NCI-H1092,NCI-H1092,,,,,,,lung,NCI-H1105,NCI-H1105,NCI-H1105,,,,,NCIH1105,NCI-H1105,NCI-H1105,,,,,,,lung,NCI-H1155,NCI-H1155,NCI-H1155,NCIH1155,,,NCI-H1155,,NCI-H1155,NCI-H1155,,,,,,,lung,NCI-H1299,NCI-H1299,NCI-H1299,NCIH1299,,,NCI-H1299,NCIH1299,NCI-H1299,NCI-H1299,,,,,,NCIH1299,lung,NCI-H1355,NCI-H1355,NCI-H1355,NCIH1355,,,NCI-H1355,NCIH1355,NCI-H1355,NCI-H1355,,,,,,NCIH1355,lung,NCI-H1373,,NCI-H1373,,,,NCI-H1373,NCIH1373,,,,,,,,,lung,NCI-H1395,NCI-H1395,NCI-H1395,NCIH1395,,,NCI-H1395,,NCI-H1395,NCI-H1395,,,,,,NCIH1395,lung,NCI-H1435,,NCI-H1435,,,,NCI-H1435,NCIH1435,NCI-H1435,NCI-H1435,,,,,,,lung,NCI-H1436,NCI-H1436,NCI-H1436,NCIH1436,,,,,NCI-H1436,NCI-H1436,,,,,,,lung,NCI-H1437,NCI-H1437,NCI-H1437,NCIH1437,,,NCI-H1437,NCIH1437,,NCI-H1437,,,,,,,lung,NCI-H146,NCI-H146,NCI-H146,NCIH146,,,NCI-H146,,NCI-H146,NCI-H146,,,,,,NCIH146,lung,NCI-H1563,NCI-H1563,NCI-H1563,NCIH1563,,,,,NCI-H1563,NCI-H1563,,,,,,,lung,NCI-H1568,,NCI-H1568,,,,NCI-H1568,NCIH1568,NCI-H1568,NCI-H1568,,,,,,,lung,NCI-H157,NCI-H157,,NCIH157,,,,,,,,,,,,,lung,NCI-H1573,NCI-H1573,NCI-H1573,NCIH1573,,,NCI-H1573,NCIH1573,NCI-H1573,NCI-H1573,,,,,,,lung,NCI-H1581,NCI-H1581,NCI-H1581,NCIH1581,,,NCI-H1581,,NCI-H1581,NCI-H1581,,,,,,NCIH1581,lung,NCI-H1618,NCI-H1618,NCI-H1618,NCIH1618,,,,,,NCI-H1618,,,,,,,lung,NCI-H1623,NCI-H1623,NCI-H1623,NCIH1623,,,NCI-H1623,,NCI-H1623,NCI-H1623,,,,,,,lung,NCI-H1650,NCI-H1650,NCI-H1650,NCIH1650,,,NCI-H1650,,NCI-H1650,NCI-H1650,,,,,,NCIH1650,lung,NCI-H1651,NCI-H1651,NCI-H1651,NCIH1651,,,NCI-H1651,,NCI-H1651,NCI-H1651,,,,,,NCIH1651,lung,NCI-H1666,NCI-H1666,NCI-H1666,NCIH1666,,,NCI-H1666,NCIH1666,NCI-H1666,NCI-H1666,,,,,,NCIH1666,lung,NCI-H1694,NCI-H1694,NCI-H1694,NCIH1694,,,,NCIH1694,NCI-H1694,NCI-H1694,,,,,,,lung,NCI-H1703,NCI-H1703,NCI-H1703,NCIH1703,,,NCI-H1703,,NCI-H1703,NCI-H1703,,,,,,NCIH1703,lung,NCI-H1755,NCI-H1755,NCI-H1755,,,,,NCIH1755,NCI-H1755,NCI-H1755,,,,,,,lung,NCI-H1770,NCI-H1770,,NCIH1770,,,NCI-H1770,,NCI-H1770,,,,,,,NCIH1770,lung,NCI-H1781,,NCI-H1781,,,,NCI-H1781,NCIH1781,NCI-H1781,NCI-H1781,,,,,,,lung,NCI-H1792,NCI-H1792,NCI-H1792,NCIH1792,,,NCI-H1792,NCIH1792,NCI-H1792,NCI-H1792,,,,,,,lung,NCI-H1793,NCI-H1793,NCI-H1793,NCIH1793,,,NCI-H1793,NCIH1793,NCI-H1793,NCI-H1793,,,,,,,lung,NCI-H1836,,NCI-H1836,,,,,NCIH1836,NCI-H1836,,,,NCI-H1836,,,,lung,NCI-H1838,NCI-H1838,NCI-H1838,NCIH1838,,,NCI-H1838,,NCI-H1838,NCI-H1838,,,,,,,lung,NCI-H187,NCI-H187,,NCIH187,,,NCI-H187,,NCI-H187,,,,,,,NCIH187,lung,NCI-H1876,,NCI-H1876,,,,,NCIH1876,NCI-H1876,NCI-H1876,,,,,,,lung,NCI-H1915,,NCI-H1915,,,,NCI-H1915,NCIH1915,NCI-H1915,NCI-H1915,,,,,,,lung,NCI-H1930,NCI-H1930,NCI-H1930,NCIH1930,,,NCI-H1930,NCIH1930,,NCI-H1930,,,,,,,lung,NCI-H1944,,NCI-H1944,,,,NCI-H1944,NCIH1944,NCI-H1944,NCI-H1944,,,,,,,lung,NCI-H1963,NCI-H1963,NCI-H1963,,,,,NCIH1963,NCI-H1963,NCI-H1963,,,,,,,lung,NCI-H1975,NCI-H1975,NCI-H1975,NCIH1975,,,NCI-H1975,NCIH1975,NCI-H1975,NCI-H1975,,,,,,,lung,NCI-H1993,NCI-H1993,,NCIH1993,,,,,NCI-H1993,,,,,,,NCIH1993,lung,NCI-H2009,NCI-H2009,NCI-H2009,NCIH2009,,,NCI-H2009,NCIH2009,NCI-H2009,NCI-H2009,,,,,,,lung,NCI-H2023,,NCI-H2023,,,,NCI-H2023,NCIH2023,NCI-H2023,NCI-H2023,,,,,,,lung,NCI-H2029,NCI-H2029,NCI-H2029,,,,,NCIH2029,NCI-H2029,NCI-H2029,,,,,,,lung,NCI-H2030,NCI-H2030,NCI-H2030,NCIH2030,,,NCI-H2030,NCIH2030,NCI-H2030,NCI-H2030,,,,,,,lung,NCI-H2052,NCI-H2052,NCI-H2052,NCIH2052,,,NCI-H2052,NCIH2052,NCI-H2052,NCI-H2052,,,,,,,pleura,NCI-H2073,,NCI-H2073,,,,NCI-H2073,NCIH2073,,NCI-H2073,,,NCI-H2073,,,,lung,NCI-H2081,NCI-H2081,NCI-H2081,NCIH2081,,,NCI-H2081,NCIH2081,,NCI-H2081,,,,,,,lung,NCI-H2087,NCI-H2087,NCI-H2087,NCIH2087,,,,,NCI-H2087,NCI-H2087,,,,,,,lung,NCI-H209,NCI-H209,NCI-H209,NCIH209,,,NCI-H209,,NCI-H209,NCI-H209,,,,,,NCIH209,lung,NCI-H2107,NCI-H2107,,NCIH2107,,,,,,,,,,,,NCIH2107,lung,NCI-H2110,,NCI-H2110,,,,NCI-H2110,NCIH2110,NCI-H2110,NCI-H2110,,,,,,,lung,NCI-H2122,NCI-H2122,NCI-H2122,NCIH2122,,,NCI-H2122,NCIH2122,NCI-H2122,NCI-H2122,,,,,,,lung,NCI-H2126,NCI-H2126,NCI-H2126,NCIH2126,,,NCI-H2126,NCIH2126,NCI-H2126,NCI-H2126,,,,,,,lung,NCI-H2141,NCI-H2141,NCI-H2141,,,,,NCIH2141,NCI-H2141,,,,,,,,lung,NCI-H2170,NCI-H2170,NCI-H2170,NCIH2170,,,NCI-H2170,,NCI-H2170,NCI-H2170,,,,,,NCIH2170,lung,NCI-H2171,NCI-H2171,NCI-H2171,NCIH2171,,,NCI-H2171,,,NCI-H2171,,,,,,,lung,NCI-H2172,,NCI-H2172,,,,NCI-H2172,NCIH2172,NCI-H2172,NCI-H2172,,,,,,,lung,NCI-H2196,NCI-H2196,NCI-H2196,,,,NCI-H2196,,NCI-H2196,NCI-H2196,,,,,,,lung,NCI-H2228,NCI-H2228,NCI-H2228,NCIH2228,,,NCI-H2228,,NCI-H2228,NCI-H2228,,,,,,,lung,NCI-H226,NCI-H226,NCI-H226,NCIH226,LC:NCI_H226,,NCI-H226,,NCI-H226,NCI-H226,,,,,,NCIH226,lung,NCI-H2286,,NCI-H2286,,,,,NCIH2286,NCI-H2286,NCI-H2286,,,,,,,lung,NCI-H23,NCI-H23,NCI-H23,NCIH23,LC:NCI_H23,,NCI-H23,NCIH23,NCI-H23,NCI-H23,,,,,,NCIH23,lung,NCI-H2342,NCI-H2342,NCI-H2342,,,,,NCIH2342,NCI-H2342,NCI-H2342,,,,,,,lung,NCI-H2347,NCI-H2347,NCI-H2347,NCIH2347,,,NCI-H2347,,NCI-H2347,NCI-H2347,,,,,,NCIH2347,lung,NCI-H2405,NCI-H2405,NCI-H2405,NCIH2405,,,,NCIH2405,NCI-H2405,NCI-H2405,,,,,,NCIH2405,lung,NCI-H28,NCI-H28,NCI-H28,,,,NCI-H28,NCIH28,NCI-H28,NCI-H28,,,,,,,pleura,NCI-H292,NCI-H292,NCI-H292,NCIH292,,,NCI-H292,,NCI-H292,NCI-H292,,,,,,,lung,NCI-H295,NCI-H295,,NCIH295R,,,,,,,,,,,,,adrenal_gland,NCI-H322,,NCI-H322,NCIH322,LC:NCI_H322M,,,,,NCI-H322,,,,,,,lung,NCI-H3255,,NCI-H3255,,,,,NCIH3255,,NCI-H3255,,,,,,,lung,NCI-H358,NCI-H358,NCI-H358,NCIH358,,,NCI-H358,NCIH358,NCI-H358,NCI-H358,,,,,,NCIH358,lung,NCI-H441,NCI-H441,NCI-H441,NCIH441,,,NCI-H441,NCIH441,NCI-H441,NCI-H441,,,,,,NCIH441,lung,NCI-H446,NCI-H446,NCI-H446,NCIH446,,,NCI-H446,,NCI-H446,NCI-H446,,,,,,,lung,NCI-H460,NCI-H460,NCI-H460,NCIH460,LC:NCI_H460,,NCI-H460,NCIH460,,NCI-H460,,,,,,NCIH460,lung,NCI-H508,NCI-H508,NCI-H508,NCIH508,,,,NCIH508,,NCI-H508,,,,,,,large_intestine,NCI-H510A,NCI-H510A,NCI-H510,,,,NCI-H510A,,NCI-H510A,NCI-H510,,,,,,,lung,NCI-H520,NCI-H520,NCI-H520,NCIH520,,,NCI-H520,,NCI-H520,NCI-H520,,,,,,NCIH520,lung,NCI-H522,NCI-H522,NCI-H522,NCIH522,LC:NCI_H522,,NCI-H522,NCIH522,NCI-H522,NCI-H522,,,,,,,lung,NCI-H524,NCI-H524,NCI-H524,NCIH524,,,,,NCI-H524,NCI-H524,,,,,,,lung,NCI-H526,NCI-H526,NCI-H526,NCIH526,,,,,NCI-H526,NCI-H526,,,,,,NCIH526,lung,NCI-H596,NCI-H596,NCI-H596,NCIH596,,,NCI-H596,NCIH596,NCI-H596,NCI-H596,,,,,,NCIH596,lung,NCI-H630,NCI-H630,,NCIH630,,,,,NCI-H630,,,,,,,,large_intestine,NCI-H650,NCI-H650,NCI-H650,NCIH650,,,NCI-H650,NCIH650,NCI-H650,NCI-H650,,,,,,,lung,NCI-H660,,NCI-H660,NCIH660,,,,,NCI-H660,NCI-H660,,,,,,,prostate,NCI-H661,NCI-H661,NCI-H661,NCIH661,,,,NCIH661,NCI-H661,NCI-H661,,,,,,,lung,NCI-H69,NCI-H69,NCI-H69,NCIH69,,,,,NCI-H69,NCI-H69,,,,,,NCIH69,lung,NCI-H716,NCI-H716,NCI-H716,NCIH716,,,NCI-H716,,NCI-H716,NCI-H716,,,,,,,large_intestine,NCI-H720,NCI-H720,,NCIH720,,,,,NCI-H720,,,,,,,,lung,NCI-H727,NCI-H727,NCI-H727,NCIH727,,,NCI-H727,NCIH727,NCI-H727,NCI-H727,,,,,,,lung,NCI-H747,NCI-H747,NCI-H747,NCIH747,,,,,NCI-H747,NCI-H747,,,,,,,large_intestine,NCI-H748,NCI-H748,,NCIH748,,,,,NCI-H748,,,,,,,,lung,NCI-H810,NCI-H810,NCI-H810,NCIH810,,,NCI-H810,NCIH810,NCI-H810,NCI-H810,,,,,,,lung,NCI-H82,NCI-H82,NCI-H82,NCIH82,,,NCI-H82,NCIH82,NCI-H82,NCI-H82,,,,,,NCIH82,lung,NCI-H838,NCI-H838,NCI-H838,NCIH838,,,,,NCI-H838,NCI-H838,,,,,,,lung,NCI-H841,,NCI-H841,,,,,NCIH841,NCI-H841,NCI-H841,,,,,,,lung,NCI-N87,NCI-N87,NCI-N87,NCIN87,,,NCI-N87,,NCI-N87,NCI-N87,,,,,,,stomach,NCI-SNU-1,NCI-SNU-1,SNU-1,,,,,,NCI-SNU-1,SNU-1,,,,,,,stomach,NCI-SNU-16,NCI-SNU-16,SNU-16,,,,,,NCI-SNU-16,SNU-16,,,,,,,stomach,NCI-SNU-5,NCI-SNU-5,SNU-5,,,,,,NCI-SNU-5,SNU-5,,,,,,,stomach,NOMO-1,NOMO-1,NOMO-1,,,,,NOMO1,NOMO-1,NOMO-1,,,NOMO-1,,,,haematopoietic_and_lymphoid_tissue,NU-DUL-1,,NU-DUL-1,,,,NU-DUL-1,NUDUL1,NU-DUL-1,NU-DUL-1,,,,,,,haematopoietic_and_lymphoid_tissue,NUGC-4,,NUGC-4,,,,NUGC-4,NUGC4,NUGC-4,NUGC-4,,,,,,,stomach,OAW-28,OAW-28,OAW28,,,,OAW28,,OAW-28,OAW28,,,,,,,ovary,OAW-42,OAW-42,OAW42,,,,OAW42,OAW42,OAW-42,OAW42,,,,,,,ovary,OC-314,OC-314,OC 314,,,,,,OC-314,OC_314,,,,,,,ovary,OCI-AML3,,OCI-AML3,,,,OCI-AML3,OCIAML3,OCI-AML3,OCI-AML3,,,,,,,haematopoietic_and_lymphoid_tissue,OCI-LY-7,,,,,,OCI-LY-7,,OCI-LY7,,OCI-LY7,,,,,,haematopoietic_and_lymphoid_tissue,OCI-LY10,,OCI-LY10,,,,OCI-LY-10,OCILY10,,,,,,,,,haematopoietic_and_lymphoid_tissue,OCI-LY3,,OCI-LY3,,,,OCI-LY-3,,,OCI-LY3,,,,,,,haematopoietic_and_lymphoid_tissue,OCUB-M,OCUB-M,,,,,,,OCUB-M,,,ocubm,,,,,breast,OV-90,,OV-90,OV90,,,OV-90,OV90,OV-90,OV-90,,,,,,,ovary,OV56,,OV56,,,,OV56,,OV-56,OV56,OV-56,,,,,,ovary,OV7,,OV7,,,,OV7,OV7,OV-7,OV7,OV-7,,,,,,ovary,OVCA 420,,,,,,OVCA 420,,OVCA420,,OVCA420,,,,,,ovary,OVCAR-3,OVCAR-3,NIH:OVCAR-3,OVCAR3,OV:OVCAR_3,,,,OVCAR-3,NIH_OVCAR-3,,,,,,,ovary,OVCAR-4,OVCAR-4,OVCAR-4,OVCAR4,OV:OVCAR_4,,OVCAR-4,OVCAR4,OVCAR-4,OVCAR-4,,,,,,,ovary,OVCAR-5,OVCAR-5,,OVCAR5,OV:OVCAR_5,,OVCAR-5,,OVCAR-5,,,,,,,,ovary,OVCAR-8,OVCAR-8,OVCAR-8,OVCAR8,OV:OVCAR_8,,OVCAR-8,OVCAR8,OVCAR-8,OVCAR-8,,,,,,,ovary,OVK18,,OVK18,,,,,OVK18,OVK-18,OVK18,OVK-18,,,,,,ovary,P30-OHK,P30-OHK,,,,,,,P30-OHK,,,,P30/OHK,,,,haematopoietic_and_lymphoid_tissue,P31-FUJ,P31-FUJ,P31/FUJ,,,,,,P31-FUJ,P31_FUJ,,,P31/FUJ,,,,haematopoietic_and_lymphoid_tissue,P3HR-1,,P3HR-1,P3HR1,,,,P3HR1,,P3HR-1,,,,,,,haematopoietic_and_lymphoid_tissue,PA-TU-8902,,PA-TU-8902,,,,PA-TU-8902,PATU8902,PA-TU-8902,PA-TU-8902,,,,,,,pancreas,Panc 02.03,,Panc 02.03,,,,Panc 02.03,,PANC-02-03,Panc_02.03,PANC-02-03,,,,,,pancreas,Panc 02.13,,Panc 02.13,,,,,,,Panc_02.13,,,,,,,pancreas,Panc 03.27,PANC-03-27,Panc 03.27,,,,Panc 03.27,PANC0327,PANC-03-27,Panc_03.27,PANC-03-27,,Panc 03.27,,,,pancreas,Panc 04.03,,Panc 04.03,,,,Panc 04.03,,PANC-04-03,Panc_04.03,,,,,,,pancreas,Panc 05.04,,Panc 05.04,,,,Panc 05.04,,,Panc_05.04,,,,,,,pancreas,Panc 08.13,PANC-08-13,Panc 08.13,,,,Panc 08.13,,,Panc_08.13,,,Panc 08.13,,,,pancreas,Panc 10.05,PANC-10-05,Panc 10.05,,,,,PANC1005,,Panc_10.05,,,Panc 10.05,,,,pancreas,PC-3,PC-3,PC-3,PC3,PR:PC_3,,PC-3,PC3,PC-3,PC-3,,,,,,,prostate,PE/CA-PJ15,,PE/CA-PJ15,,,,PE/CA-PJ15,,PE-CA-PJ15,PE_CA-PJ15,PE_CA-PJ15,,,,,,upper_aerodigestive_tract,PE/CA-PJ34 (clone C12),,PE/CA-PJ34 (clone C12),,,,,,,PE_CA-PJ34__clone_C12_,,,,,,,upper_aerodigestive_tract,PE/CA-PJ41 (clone D2),,PE/CA-PJ41 (clone D2),,,,,,,PE_CA-PJ41__clone_D2_,,,,,,,upper_aerodigestive_tract,PE/CA-PJ49,,PE/CA-PJ49,,,,,,,PE_CA-PJ49,,,,,,,upper_aerodigestive_tract,PE01,,,,,,PE01,,PEO1,,PEO1,,,,,,ovary,PL-21,,PL-21,,,,PL-21,PL21,PL-21,PL-21,,,PL-21,,,,haematopoietic_and_lymphoid_tissue,PL45,,PL45,,,,PL45,,PL4,,,,,,,,pancreas,PLC-PRF-5,PLC-PRF-5,PLC/PRF/5,,,,PLC/PRF/5,,,PLC_PRF_5,,,,,,,liver,QGP-1,,QGP-1,,,,QGP-1,QGP1,QGP-1,QGP-1,,,,,,,pancreas,Raji,Raji,Raji,RAJI,,,RAJI,,Raji,Raji,,,,,,,haematopoietic_and_lymphoid_tissue,RCH-ACV,,RCH-ACV,RCHACV,,,,,RCH-ACV,RCH-ACV,,,,,,,haematopoietic_and_lymphoid_tissue,RCM-1,RCM-1,RCM-1,,,,RCM-1,RCM1,RCM-1,RCM-1,,,,,,,large_intestine,RD-ES,,RD-ES,RDES,,,,,,RD-ES,,,,,,,bone,REC-1,,REC-1,REC1,,,REC-1,,,REC-1,,,,,,,haematopoietic_and_lymphoid_tissue,REH,REH,Reh,,,,,,REH,Reh,,,Reh,,,,haematopoietic_and_lymphoid_tissue,RERF-LC-KJ,,RERF-LC-KJ,,,,RERF-LC-KJ,RERFLCKJ,RERF-LC-KJ,RERF-LC-KJ,,,,,,,lung,RKO-E6,,,RKOE6,,,RKO-E6,,,,,,,,,,large_intestine,RL95-2,RL95-2,RL95-2,RL952,,,,,RL95-2,RL95-2,,,,,,,endometrium,RMG-I,RMG-I,RMG-I,,,,RMG-I,RMGI,RMG-I,RMG-I,,,RMG-I,,,,ovary,RMUG-S,,RMUG-S,,,,RMUG-S,RMUGS,,RMUG-S,,,,,,,ovary,RPMI-2650,RPMI-2650,,RPMI2650,,,RPMI 2650,,RPMI-2650,,,,RPMI 2650,,,,upper_aerodigestive_tract,RPMI-6666,RPMI-6666,,RPMI6666,,,,,RPMI-6666,,,,RPMI 6666,,,,haematopoietic_and_lymphoid_tissue,RPMI-8226,RPMI-8226,RPMI 8226,RPMI8226,LE:RPMI_8226,,RPMI 8226,RPMI8226,RPMI-8226,RPMI_8226,,,,,,,haematopoietic_and_lymphoid_tissue,RS4;11,RS4-11,RS4;11,,,,,,RS4-11,RS4_11,RS4-11,,RS4;11,,,,haematopoietic_and_lymphoid_tissue,RWPE1,,,RWPE1,,,,,RWPE-1,,,,,,,,Prostate,RXF393,RXF393,,RXF393,RE:RXF_393,,,,RXF393,,,,,,,,kidney,Saos-2,Saos-2,Saos-2,SAOS2,,,,,Saos-2,Saos-2,,,,,,,bone,SC-1,,,,,,SC-1,,Sci-1,,,,,,,,haematopoietic_and_lymphoid_tissue,SCaBER,,SCaBER,SCABER,,,,,SCaBER,SCaBER,,,,,,,urinary_tract,SCC-15,SCC-15,SCC-15,SCC15,,,SCC-15,,SCC-15,SCC-15,,,,,,,upper_aerodigestive_tract,SCC-25,SCC-25,SCC-25,SCC25,,,SCC-25,,SCC-25,SCC-25,,,,,,,upper_aerodigestive_tract,SCC-4,SCC-4,SCC-4,SCC4,,,,,SCC-4,SCC-4,,,SCC-4,,,,upper_aerodigestive_tract,SCC-9,SCC-9,SCC-9,SCC9,,,SCC-9,SCC9,SCC-9,SCC-9,,,SCC-9,,,,upper_aerodigestive_tract,SCLC-21H,SCLC-21H,SCLC-21H,,,,SCLC-21H,SCLC21H,,SCLC-21H,,,,,,,lung,Set-2,,Set-2,,,,SET-2,,,Set-2,Set2,,,,,,haematopoietic_and_lymphoid_tissue,SF268,SF268,,SF268,CNS:SF_268,,SF268,,SF268,SF268,,,,,,SF268,central_nervous_system,SF295,SF295,SF-295,SF295,CNS:SF_295,,,SF295,SF295,SF-295,,,,,,SF295,central_nervous_system,SF539,SF539,,SF539,CNS:SF_539,,SF539,,SF539,SF539,,,,,,SF539,central_nervous_system,SH-10-TC,,SH-10-TC,,,,,SH10TC,,SH-10-TC,,,,,,,stomach,SH-4,SH-4,SH-4,SH4,,,,,SH-4,SH-4,,,,,,,skin,SHP-77,SHP-77,SHP-77,SHP77,,,,SHP77,SHP-77,SHP-77,,,,,,,lung,SiHa,SiHa,,SIHA,,,SiHa,,SiHa,,,,,,,,cervix,SJSA-1,SJSA-1,SJSA-1,SJSA1,,,,,SJSA-1,SJSA-1,,,,,,,bone,SK-BR-3,,SK-BR-3,SKBR3,,SKBR3,SK-BR-3,,,SK-BR-3,,skbr3,,,SKBR3,SKBR3,breast,SK-BR-5,,,,,,,,,,,skbr5,,,,,breast,SK-BR-7,,,,,,,,,,,skbr7,,,,,breast,SK-CO-1,SK-CO-1,SK-CO-1,,,,SK-CO-1,SKCO1,SK-CO-1,SK-CO-1,,,,,,,large_intestine,SK-LMS-1,SK-LMS-1,SK-LMS-1,SKLMS1,,,,,SK-LMS-1,SK-LMS-1,,,,,,,soft_tissue,SK-LU-1,SK-LU-1,SK-LU-1,,,,,SKLU1,SK-LU-1,SK-LU-1,,,,,,,lung,SK-MEL-1,SK-MEL-1,SK-MEL-1,SKMEL1,,,SK-MEL-1,SKMEL1,SK-MEL-1,SK-MEL-1,,,,,,,skin,SK-MEL-2,SK-MEL-2,SK-MEL-2,,ME:SK_MEL_2,,SK-MEL-2,,SK-MEL-2,,,,,,,SKMEL2,skin,SK-MEL-28,SK-MEL-28,SK-MEL-28,SKMEL28,ME:SK_MEL_28,,SK-MEL-28,SKMEL28,SK-MEL-28,SK-MEL-28,,,,,,,skin,SK-MEL-3,SK-MEL-3,SK-MEL-3,SKMEL3,,,SK-MEL-3,,SK-MEL-3,SK-MEL-3,,,,,,,skin,SK-MEL-5,SK-MEL-5,SK-MEL-5,,ME:SK_MEL_5,,SK-MEL-5,SKMEL5,SK-MEL-5,SK-MEL-5,,,,,,SKMEL5,skin,SK-MES-1,SK-MES-1,SK-MES-1,SKMES1,,,SK-MES-1,,SK-MES-1,SK-MES-1,,,,,,,lung,SK-N-AS,SK-N-AS,SK-N-AS,SKNAS,,,SK-N-AS,,SK-N-AS,SK-N-AS,,,,,,,autonomic_ganglia,SK-N-BE(2),,SK-N-BE(2),,,,,,,SK-N-BE_2_,,,,,,,autonomic_ganglia,SK-N-DZ,SK-N-DZ,SK-N-DZ,SKNDZ,,,SK-N-DZ,,SK-N-DZ,SK-N-DZ,,,,,,,autonomic_ganglia,SK-N-FI,SK-N-FI,SK-N-FI,SKNF1,,,SK-N-FI,,SK-N-FI,SK-N-FI,,,,,,,autonomic_ganglia,SK-NEP-1,SK-NEP-1,,SKNEP1,,,,,SK-NEP-1,,,,,,,SKNEP,kidney,SK-OV-3,SK-OV-3,SK-OV-3,SKOV3,OV:SK_OV_3,,SK-OV-3,SKOV3,SK-OV-3,SK-OV-3,,,,,,,ovary,SK-UT-1,SK-UT-1,SK-UT-1,SKUT1,,,,,SK-UT-1,SK-UT-1,,,,,,SKUT1B,soft_tissue,SKM-1,SKM-1,SKM-1,,,,SKM-1,SKM1,SKM-1,SKM-1,,,,,,,haematopoietic_and_lymphoid_tissue,SN12C,SN12C,,SN12C,RE:SN12C,,,,SN12C,,,,,,,SN12C,kidney,SNB19,SNB19,SNB-19,SNB19,CNS:SNB_19,,,,,,,,SNB-19,,,SNB19,central_nervous_system,SNB75,SNB75,,SNB75,CNS:SNB_75,,,,SNB75,SNB75,,,,,,SNB75,central_nervous_system,SNG-M,SNG-M,SNG-M,,,,,SNGM,SNG-M,SNG-M,,,SNG-M,,,,endometrium,SNU-1,,,SNU1,,,SNU-1,,,,,,SNU-1,,,,stomach,SNU-1040,,SNU-1040,,,,,SNU1040,SNU-1040,SNU-1040,,,,,,,large_intestine,SNU-16,,,SNU16,,,SNU-16,,,,,,SNU-16,,,,stomach,SNU-175,,SNU-175,,,,,SNU175,SNU-175,SNU-175,,,,,,,large_intestine,SNU-182,,SNU-182,SNU182,,,SNU-182,,SNU-182,SNU-182,,,,,,,liver,SNU-387,SNU-387,SNU-387,SNU387,,,SNU-387,,SNU-387,SNU-387,,,,,,,liver,SNU-398,,SNU-398,SNU398,,,SNU-398,SNU398,SNU-398,SNU-398,,,,,,,liver,SNU-423,SNU-423,SNU-423,SNU423,,,SNU-423,,SNU-423,SNU-423,,,,,,,liver,SNU-449,SNU-449,SNU-449,SNU449,,,SNU-449,SNU449,SNU-449,SNU-449,,,,,,,liver,SNU-475,SNU-475,SNU-475,SNU475,,,SNU-475,,SNU-475,SNU-475,,,,,,,liver,SNU-5,,,SNU5,,,SNU-5,,,,,,SNU-5,,,,stomach,SNU-61,,SNU-61,,,,,SNU61,SNU-61,SNU-61,,,,,,,large_intestine,SNU-81,,SNU-81,,,,,SNU81,SNU-81,SNU-81,,,,,,,large_intestine,SNU-840,,SNU-840,,,,,SNU840,,SNU-840,,,,,,,ovary,SNU-C2A,,SNU-C2A,,,,,SNUC2A,,SNU-C2A,,,,,,,large_intestine,SNU-C4,,SNU-C4,,,,,SNUC4,,SNU-C4,,,,,,,large_intestine,SNU-C5,,SNU-C5,,,,,SNUC5,SNU-C5,SNU-C5,,,,,,,large_intestine,Sq-1,,Sq-1,,,,,SQ1,,Sq-1,,,,,,,lung,SR,SR,SR-786,SR,LE:SR,,SR,,SR,SR-786,,,,,,,haematopoietic_and_lymphoid_tissue,SU-DHL-10,,SU-DHL-10,SUDHL10,,,SU-DHL-10,,SU-DHL-10,SU-DHL-10,,,,,,,haematopoietic_and_lymphoid_tissue,SU-DHL-16,,,SUDHL16,,,SU-DHL-16,,SU-DHL-16,,,,SU-DHL-16,,,,hematopoietic_and_lymphatic_system,SU-DHL-4,,SU-DHL-4,,,,SU-DHL-4,SUDHL4,SU-DHL-4,SU-DHL-4,,,,,,,haematopoietic_and_lymphoid_tissue,SU-DHL-5,,SU-DHL-5,SUDHL5,,,SU-DHL-5,SUDHL5,SU-DHL-5,SU-DHL-5,,,,,,,haematopoietic_and_lymphoid_tissue,SU-DHL-6,,SU-DHL-6,SUDHL6,,,SU-DHL-6,,SU-DHL-6,SU-DHL-6,,,,,,,haematopoietic_and_lymphoid_tissue,SU.86.86,,SU.86.86,,,,SU.86.86,,SU8686,SU.86.86,SU8686,,,,,,pancreas,SUIT-2,,SUIT-2,,,,SUIT-2,SUIT2,SUIT-2,SUIT-2,,,,,,,pancreas,SUM 1315M02,,,,,SUM1315MO2,SUM 1315M02,,,,,sum1315,,,,,breast,SUM 149PT,,,,,SUM149PT,SUM 149PT,,,,,sum149,,,,,breast,SUM 159PT,,,,,SUM159PT,SUM 159PT,,,,,sum159,,,,,breast,SUM 229PE,,,,,SUM229PE,SUM 229PE,,,,,sum229,,,,,breast,SUM225CWN,,,,,SUM225CWN,,,,,,sum225,,,,,breast,SUM 52PE,,,,,SUM52PE,SUM 52PE,,,,,sum52,,,,,breast,SUM102PT,,,,,SUM102PT,,,,,,sum102,,,,,breast,SUM185PE,,,,,SUM185PE,,,,,,sum185,,,,,breast,SUM44PE,,,,,SUM44PE,,,,,,sum44,,,,,breast,SW 1271,,SW 1271,,,,,,SW1271,SW_1271,SW1271,,,,,,lung,SW 1353,,SW 1353,SW1353,,,,,,SW_1353,,,,,,,bone,ATCC: chondrosarcomaSUM 190,,,,,,,,,,,sum190,,,,,breast,SW 527,,,,,,SW 527,,,,,sw527,,,,,breast,SW1088,SW1088,SW 1088,SW1088,,,,,SW1088,SW_1088,,,SW 1088,,,,central_nervous_system,SW1116,SW1116,SW1116,SW1116,,,SW 1116,,SW1116,SW1116,,,,,,,large_intestine,SW13,SW13,,,,,,,SW13,,,,SW 13,,,,adrenal_gland,SW1417,SW1417,SW1417,SW1417,,,SW 1417,,SW1417,SW1417,,,,,,,large_intestine,SW1463,SW1463,SW1463,SW1463,,,SW 1463,,SW1463,SW1463,,,,,,,large_intestine,SW1573,SW1573,SW 1573,SW1573,,,SW 1573,,SW1573,SW_1573,,,,,,,lung,SW1710,SW1710,SW-1710,,,,,,SW1710,SW-1710,,,SW-1710,,,,urinary_tract,SW1783,SW1783,SW 1783,SW1783,,,,,SW1783,SW_1783,,,SW 1783,,,,central_nervous_system,SW1990,SW1990,SW 1990,SW1990,,,SW 1990,,SW1990,SW_1990,,,,,,,pancreas,SW403,SW403,SW403,SW403,,,SW 403,SW403,,SW403,,,,,,,large_intestine,SW48,SW48,SW48,SW48,,,SW 48,SW48,SW48,SW48,,,,,,,large_intestine,SW480,,SW480,SW480,,,SW 480,SW480,,SW480,,,,,,,large_intestine,SW620,SW620,SW620,SW620,CO:SW_620,,SW 620,SW620,SW620,SW620,,,,,,,large_intestine,SW626,SW626,,,,,,,SW626,,,,SW 626,,,,ovary,SW780,SW780,SW 780,SW780,,,SW 780,,SW780,SW_780,,,,,,,urinary_tract,SW837,SW837,SW837,SW837,,,SW 837,,SW837,SW837,,,,,,,large_intestine,SW900,SW900,SW 900,SW900,,,SW 900,,SW900,SW_900,,,,,,,lung,SW948,SW948,SW948,SW948,,,SW 948,SW948,SW948,SW948,,,,,,,large_intestine,SW982,SW982,,SW982,,,SW 982,,SW982,,,,,,,,soft_tissue,T-24,T-24,T24,T24,,,,,T-24,T24,,,,,,,urinary_tract,T3M-10,,T3M-10,,,,,T3M10,,T3M-10,,,,,,,lung,T47D,T47D,T-47D,T47D,BR:T47D,T47D,T-47D,,T47D,T-47D,,t47d,,,T47D,,breast,TE 125.T,,TE 125.T,,,,,,,TE_125.T,,,,,,,soft_tissue,TE 159.T,,TE 159.T,,,,,,,TE_159.T,,,,,,,soft_tissue,TE 441.T,TE-441-T,TE 441.T,,,,,,TE-441-T,TE_441.T,TE-441-T,,TE-441-T,,,,soft_tissue,TE 617.T,,TE 617.T,,,,,,,TE_617.T,,,,,,,soft_tissue,THP-1,THP-1,THP-1,THP1,,,THP-1,THP1,THP-1,THP-1,,,,,,,haematopoietic_and_lymphoid_tissue,TI-73,TI-73,T1-73,,,,,,,T1-73,,,,,,,bone,TK10,TK10,,TK10,RE:TK_10,,TK-10,,TK10,,,,,,,TK10,kidney,TO 175.T,,TO 175.T,TO175T,,,,,,TO_175.T,,,,,,,haematopoietic_and_lymphoid_tissue,Toledo,,Toledo,TOLEDO,,,Toledo,,,Toledo,,,,,,,haematopoietic_and_lymphoid_tissue,TYK-nu,TYK-nu,TYK-nu,,,,TYK-nu,TYKNU,TYK-nu,TYK-nu,,,TYK-nu,,,,ovary,U-118-MG,U-118-MG,U-118 MG,,,,,,U-118-MG,U-118_MG,,,U-118 MG,,,,central_nervous_system,U-138 MG,,U-138 MG,U138MG,,,,,,,,,,,,,central_nervous_system,U-2-OS,U-2-OS,U-2 OS,,,,U-2 OS,U2OS,U-2-OS,U-2_OS,,,,,,,bone,U-266,U-266,U266B1,U266B1,,,,,U-266,U266B1,,,U266B1,,,,haematopoietic_and_lymphoid_tissue,U-87-MG,U-87-MG,U-87 MG,U87MG,,,,,U-87-MG,U-87_MG,,,U-87 MG,,,,central_nervous_system,U-937,,U-937,,,,U-937,U937,,U-937,,,U-937,,,,haematopoietic_and_lymphoid_tissue,U251,U251,U-251 MG,U251,CNS:U251,,,,U251,U-251_MG,,,,,,U251,central_nervous_system,UACC-257,UACC-257,UACC-257,UACC257,ME:UACC_257,,UACC-257,,UACC-257,UACC-257,,,,,,UACC257,haematopoietic_and_lymphoid_tissue,UACC-3199,,,,,,,,,,,uacc3199,,,,,breast,UACC-62,UACC-62,UACC-62,UACC62,ME:UACC_62,,,,UACC-62,UACC-62,,,,,,UACC62,haematopoietic_and_lymphoid_tissue,UACC-812,UACC-812,UACC-812,UACC812,,UACC812,UACC-812,,UACC-812,UACC-812,,uacc812,,,UACC812,UACC812,breast,UACC-893,UACC-893,UACC-893,UACC893,,UACC893,UACC-893,,UACC-893,UACC-893,,uacc893,,,UACC893,,breast,UM-UC-3,UM-UC-3,UM-UC-3,UMUC3,,,UM-UC-3,UMUC3,UM-UC-3,UM-UC-3,,,,,,,urinary_tract,UMC-11,UMC-11,,UMC11,,,UMC-11,,UMC-11,,,,,,,,lung,UO31,U031,,UO31,RE:UO_31,,,,U031,UO-31,U031,,,,,,kidney,VCaP,,VCaP,,,,,,VCaP,VCaP,,,VCaP,,,,prostate,VM-CUB-1,VM-CUB-1,VM-CUB1,,,,,,VM-CUB-1,VM-CUB1,,,VM-CUB1,,,,urinary_tract,VMRC-LCD,,VMRC-LCD,,,,VMRC-LCD,VMRCLCD,VMRC-LCD,,,,,,,,lung,VMRC-RCW,,VMRC-RCW,,,,,VMRCRCW,,VMRC-RCW,,,,,,,kidney,WIDR,,,WIDR,,,WiDr,,,,,,WiDr,,,,large_intestine,WM-115,WM-115,WM-115,WM115,,,WM-115,,WM-115,WM-115,,,,,,,skin,WM-266-4,,WM-266-4,,,,WM-266-4,,WM-266-4,WM-266-4,,,WM 266-4,,,,skin,WM-793,,WM-793,,,,,,WM793B,WM-793,,,,,,,skin,WM-983B,,WM-983B,,,,,,,WM983B,,,,,,,skin,WSU-DLCL2,,WSU-DLCL2,,,,WSU-DLCL2,WSUDLCL2,WSU-DLCL2,WSU-DLCL2,,,WSU-DLCL2,,,,haematopoietic_and_lymphoid_tissue,YKG-1,YKG-1,YKG1,,,,,,YKG-1,YKG1,,,,,,,central_nervous_system,ZR-75-1,,ZR-75-1,ZR751,,ZR751,ZR-75-1,,,ZR-75-1,,zr751,ZR-75-1,,ZR751,ZR751,breast,ZR-75-30,ZR-75-30,ZR-75-30,,,ZR7530,ZR-75-30,,ZR-75-30,ZR-75-30,,zr7530,,,ZR7530,ZR7530,breast,ZR75B,,,,,ZR75B,,,,,,zr75b,,,ZR75B,,breast,